{
  "best_grouped_result": {
    "evaluated_subject_groups": 36,
    "evaluation_fallback_reason": null,
    "failure_reason": null,
    "feature_count": 396,
    "feature_families": {
      "autoregressive": true,
      "distribution": true,
      "frequency": true,
      "hjorth": true,
      "sample_entropy": false,
      "time_basic": true,
      "time_emg": true
    },
    "fold_summaries": [
      {
        "accuracy": 0.8976689055709206,
        "balanced_accuracy": 0.8980346968043338,
        "f1_macro": 0.8979047634635989,
        "fold": 1.0
      },
      {
        "accuracy": 0.862624254473161,
        "balanced_accuracy": 0.8629445223020697,
        "f1_macro": 0.8637745641612483,
        "fold": 2.0
      }
    ],
    "metrics": {
      "accuracy": 0.8801465800220408,
      "balanced_accuracy": 0.8804896095532018,
      "f1_macro": 0.8808396638124236
    },
    "model_family": "extra_trees",
    "model_params": {
      "max_depth": null,
      "min_samples_leaf": 1,
      "n_estimators": 350,
      "n_jobs": -1
    },
    "per_class_metrics": {
      "1": {
        "f1": 0.9690204144703083,
        "precision": 0.9827497749774977,
        "recall": 0.956078168950186,
        "support": 840.0
      },
      "2": {
        "f1": 0.8953800668761531,
        "precision": 0.9199951468896881,
        "recall": 0.8770102064723092,
        "support": 816.0
      },
      "3": {
        "f1": 0.8436623586896811,
        "precision": 0.8313277489738171,
        "recall": 0.856461248119874,
        "support": 839.5
      },
      "4": {
        "f1": 0.8805590602713662,
        "precision": 0.8665829067054938,
        "recall": 0.895455155146204,
        "support": 846.0
      },
      "5": {
        "f1": 0.858532855765257,
        "precision": 0.8569798668775537,
        "recall": 0.8602628479154109,
        "support": 850.5
      },
      "6": {
        "f1": 0.837883226801776,
        "precision": 0.838839239856189,
        "recall": 0.8376700307152259,
        "support": 854.0
      }
    },
    "preprocessing": {
      "ar_order": 4,
      "detrend_signal": false,
      "fast_mode": false,
      "feature_scaling": true,
      "include_class_seven": false,
      "include_class_zero": false,
      "normalization_strategy": "per_session",
      "overlap_ratio": 0.4,
      "pca_components": 32,
      "rectify_signal": false,
      "remove_dc_offset": true,
      "thresholds": {
        "ssc": 0.04,
        "wamp": 0.04,
        "zc": 0.04
      },
      "use_pca": false,
      "window_ms": 225
    },
    "primary_metric": "f1_macro",
    "runtime_seconds": 30.719,
    "sample_rate_hz": 1000.0,
    "seed": 42,
    "session_count": 72,
    "split_strategy": "group_kfold_2",
    "split_strategy_requested": "group_kfold",
    "status": "success",
    "subject_count": 36,
    "timestamp": "2026-04-05T16:09:06.708252+00:00",
    "window_count": 10092
  },
  "updated_at": "2026-04-06T01:24:40.231838+00:00"
}
