{
    "accuracy": 0.928374655647383,
    "f1_macro": 0.9283138828377261,
    "balanced_accuracy": 0.9281938839329901
}